*** 令和７年度 設問別得点率及び正答率 ***,,,,,
問題区分＝本試験,人数＝437209,平均正答率＝0.6411,,,
科目＝国語,総平均点＝126.67,,,,
大問,解答番号,平均点,配点,得点率,正答率
1,合計,30.033,45,0.6674,0.684
1,1,1.846,2,0.923,0.923
1,2,0.553,2,0.2766,0.2766
1,3,1.196,2,0.5978,0.5978
1,4,1.793,2,0.8967,0.8967
1,5,1.75,2,0.875,0.875
1,6,4.745,7,0.6778,0.6778
1,7,5.102,7,0.7288,0.7288
1,8,3.652,7,0.5218,0.5218
1,9,3.84,7,0.5486,0.5486
1,10,5.556,7,0.7937,0.7937
2,合計,33.062,45,0.7347,0.7397
2,11,4.592,6,0.7654,0.7654
2,12,4.752,6,0.792,0.792
2,13,4.467,6,0.7445,0.7445
2,14,5.703,7,0.8147,0.8147
2,15,3.3,7,0.4715,0.4715
2,16,5.29,6,0.8816,0.8816
2,17,4.958,7,0.7082,0.7082
3,合計,13.201,20,0.6601,0.6616
3,18,3.417,4,0.8544,0.8544
3,19,3.52,5,0.7039,0.7039
3,20,2.539,5,0.5079,0.5079
3,21,1.719,3,0.573,0.573
3,22,2.006,3,0.6687,0.6687
4,合計,25.841,45,0.5742,0.5817
4,23,2.834,5,0.5667,0.5667
4,24,3.062,5,0.6124,0.6124
4,25,3.665,5,0.733,0.733
4,26,3.092,7,0.4417,0.4417
4,27,3.904,7,0.5578,0.5578
4,28,4.807,8,0.6008,0.6008
4,29,4.478,8,0.5597,0.5597
5,合計,24.531,45,0.5451,0.5515
5,30,2.645,4,0.6614,0.6614
5,31,2.774,4,0.6934,0.6934
5,32,3.119,4,0.7798,0.7798
5,33,3.909,7,0.5584,0.5584
5,34,3.868,6,0.6447,0.6447
5,35,0.886,6,0.1476,0.1476
5,36,1.369,3,0.4563,0.4563
5,37,1.328,3,0.4427,0.4427
5,38,4.633,8,0.5791,0.5791
問題区分＝本試験,人数＝125622,平均正答率＝0.5849,,,
科目＝地理総合，地理探究,総平均点＝57.48,,,,
大問,解答番号,平均点,配点,得点率,正答率
1,合計,8.433,13,0.6487,0.6533
1,1,2.69,3,0.8967,0.8967
1,2,1.348,3,0.4495,0.4495
1,3,2.373,4,0.5934,0.5934
1,4,2.021,3,0.6737,0.6737
2,合計,6.252,12,0.521,0.521
2,5,2.129,3,0.7097,0.7097
2,6,1.695,3,0.5651,0.5651
2,7,0.722,3,0.2406,0.2406
2,8,1.706,3,0.5686,0.5686
3,合計,11.414,20,0.5707,0.5843
3,9,2.446,4,0.6115,0.6115
3,10,1.517,3,0.5056,0.5056
3,11,2.023,3,0.6742,0.6742
3,12,1.652,3,0.5507,0.5507
3,13,1.14,4,0.2851,0.2851
3,14,2.636,3,0.8787,0.8787
4,合計,11.052,21,0.5263,0.5446
4,15,2.074,3,0.6913,0.6913
4,16,1.133,4,0.2832,0.2832
4,17,1.703,4,0.4258,0.4258
4,18,1.671,3,0.557,0.557
4,19,2.31,3,0.7699,0.7699
4,20,2.162,4,0.5405,0.5405
5,合計,11.497,17,0.6763,0.673
5,21,1.773,3,0.5911,0.5911
5,22,2.549,4,0.6373,0.6373
5,23,1.413,3,0.4712,0.4712
5,24,3.056,4,0.764,0.764
5,25,2.705,3,0.9016,0.9016
6,合計,8.83,17,0.5194,0.5422
6,26,0.808,4,0.2021,0.2021
6,27,2.052,3,0.6841,0.6841
6,28,1.976,4,0.4941,0.4941
6,29,1.845,3,0.6152,0.6152
6,30,2.147,3,0.7158,0.7158
問題区分＝本試験,人数＝114599,平均正答率＝0.5675,,,
科目＝歴史総合，日本史探究,総平均点＝56.99,,,,
大問,解答番号,平均点,配点,得点率,正答率
1,合計,14.72,25,0.5888,0.5796
1,1,0.96,3,0.3201,0.3201
1,2,1.202,3,0.4006,0.4006
1,3,1.971,3,0.6571,0.6571
1,4,1.363,3,0.4543,0.4543
1,5,2.438,3,0.8127,0.8127
1,6,2.401,3,0.8003,0.8003
1,7,1.142,3,0.3808,0.3808
1,8,3.242,4,0.8106,0.8106
2,合計,8.983,15,0.5989,0.5989
2,9,1.682,3,0.5606,0.5606
2,10,2.282,3,0.7606,0.7606
2,11,1.732,3,0.5774,0.5774
2,12,1.163,3,0.3877,0.3877
2,13,2.124,3,0.708,0.708
3,合計,8.129,15,0.5419,0.5419
3,14,1.645,3,0.5484,0.5484
3,15,2.098,3,0.6994,0.6994
3,16,1.395,3,0.465,0.465
3,17,1.048,3,0.3494,0.3494
3,18,1.942,3,0.6475,0.6475
4,合計,8.81,15,0.5874,0.5874
4,19,1.749,3,0.5831,0.5831
4,20,2.188,3,0.7292,0.7292
4,21,1.569,3,0.5229,0.5229
4,22,1.002,3,0.3338,0.3338
4,23,2.303,3,0.7677,0.7677
5,合計,10.174,15,0.6783,0.6783
5,24,2.315,3,0.7716,0.7716
5,25,2.899,3,0.9665,0.9665
5,26,1.144,3,0.3814,0.3814
5,27,2.605,3,0.8683,0.8683
5,28,1.211,3,0.4036,0.4036
6,合計,6.173,15,0.4115,0.4115
6,29,1.153,3,0.3845,0.3845
6,30,1.61,3,0.5367,0.5367
6,31,1.629,3,0.543,0.543
6,32,0.806,3,0.2688,0.2688
6,33,0.974,3,0.3247,0.3247
問題区分＝本試験,人数＝69273,平均正答率＝0.6542,,,
科目＝歴史総合，世界史探究,総平均点＝66.12,,,,
大問,解答番号,平均点,配点,得点率,正答率
1,合計,18.151,25,0.726,0.7236
1,1,2.404,3,0.8013,0.8013
1,2,3.138,4,0.7845,0.7845
1,3,2.283,3,0.761,0.761
1,4,1.984,3,0.6612,0.6612
1,5,1.252,3,0.4173,0.4173
1,6,2.443,3,0.8143,0.8143
1,7,2.168,3,0.7226,0.7226
1,8,2.48,3,0.8265,0.8265
2,合計,10.439,20,0.5219,0.5228
2,9,1.796,3,0.5986,0.5986
2,10,1.168,3,0.3894,0.3894
2,11,1.041,3,0.3469,0.3469
2,12,1.009,2,0.5043,0.5043
2,13,1.096,2,0.5482,0.5482
2,14,2.278,3,0.7593,0.7593
2,15,2.051,4,0.5128,0.5128
3,合計,12.604,21,0.6002,0.602
3,16,3.137,4,0.7841,0.7841
3,17,1.434,2,0.7172,0.7172
3,18,2.034,3,0.6778,0.6778
3,19,1.115,2,0.5576,0.5576
3,20,1.024,2,0.512,0.512
3,21,3.056,4,0.7639,0.7639
3,22,0.805,4,0.2013,0.2013
4,合計,11.218,16,0.7011,0.693
4,23,2.453,3,0.8175,0.8175
4,24,3.292,4,0.823,0.823
4,25,2.15,3,0.7165,0.7165
4,26,1.433,3,0.4777,0.4777
4,27,1.891,3,0.6303,0.6303
5,合計,13.708,18,0.7616,0.7617
5,28,2.176,4,0.544,0.544
5,29,2.217,3,0.7389,0.7389
5,30,3.284,4,0.821,0.821
5,31,2.36,3,0.7866,0.7866
5,32,3.672,4,0.9179,0.9179
問題区分＝本試験,人数＝167,平均正答率＝0.4459,,,
科目＝旧世界史Ａ,総平均点＝44.51,,,,
大問,解答番号,平均点,配点,得点率,正答率
1,合計,8.084,20,0.4042,0.4022
1,1,0.485,3,0.1617,0.1617
1,2,1.461,4,0.3653,0.3653
1,3,0.934,3,0.3114,0.3114
1,4,1.916,4,0.479,0.479
1,5,1.689,3,0.5629,0.5629
1,6,1.599,3,0.5329,0.5329
2,合計,12.539,30,0.418,0.4138
2,7,1.341,4,0.3353,0.3353
2,8,1.132,3,0.3772,0.3772
2,9,1.689,3,0.5629,0.5629
2,10,0.898,3,0.2994,0.2994
2,11,1.126,4,0.2814,0.2814
2,12,0.467,3,0.1557,0.1557
2,13,1.275,3,0.4251,0.4251
2,14,2.994,4,0.7485,0.7485
2,15,1.617,3,0.5389,0.5389
3,合計,10.976,20,0.5488,0.5509
3,16,2.228,4,0.5569,0.5569
3,17,1.958,3,0.6527,0.6527
3,18,1.778,3,0.5928,0.5928
3,19,2.012,4,0.503,0.503
3,20,2.102,3,0.7006,0.7006
3,21,0.898,3,0.2994,0.2994
4,合計,12.91,30,0.4303,0.4371
4,22,1.15,4,0.2874,0.2874
4,23,1.311,3,0.4371,0.4371
4,24,1.293,3,0.4311,0.4311
4,25,1.461,4,0.3653,0.3653
4,26,1.006,3,0.3353,0.3353
4,27,1.617,3,0.5389,0.5389
4,28,1.82,4,0.4551,0.4551
4,29,1.329,3,0.4431,0.4431
4,30,1.922,3,0.6407,0.6407
問題区分＝本試験,人数＝7971,平均正答率＝0.6776,,,
科目＝旧世界史Ｂ,総平均点＝68.20,,,,
大問,解答番号,平均点,配点,得点率,正答率
1,合計,12.853,21,0.6121,0.6121
1,1,2.274,3,0.758,0.758
1,2,1.368,3,0.4559,0.4559
1,3,1.731,3,0.5771,0.5771
1,4,2.146,3,0.7152,0.7152
1,5,1.722,3,0.5741,0.5741
1,6,1.371,3,0.4569,0.4569
1,7,2.242,3,0.7472,0.7472
2,合計,13.601,19,0.7158,0.7094
2,8,2.578,3,0.8594,0.8594
2,9,2.213,3,0.7377,0.7377
2,10,1.656,3,0.5519,0.5519
2,11,2.593,3,0.8643,0.8643
2,12,1.233,3,0.4111,0.4111
2,13,3.328,4,0.832,0.832
3,合計,17.952,26,0.6905,0.6841
3,14,2.301,3,0.767,0.767
3,15,2.023,3,0.6742,0.6742
3,16,1.808,3,0.6026,0.6026
3,17,2.035,3,0.6785,0.6785
3,18,2.312,3,0.7708,0.7708
3,19,2.433,3,0.8111,0.8111
3,20,2.221,3,0.7403,0.7403
3,21,1.038,2,0.5188,0.5188
3,22,1.781,3,0.5938,0.5938
4,合計,10.744,15,0.7162,0.7162
4,23,1.939,3,0.6463,0.6463
4,24,2.121,3,0.7071,0.7071
4,25,2.382,3,0.794,0.794
4,26,1.784,3,0.5948,0.5948
4,27,2.517,3,0.839,0.839
5,合計,13.051,19,0.6869,0.6804
5,28,2.304,3,0.7679,0.7679
5,29,1.447,3,0.4825,0.4825
5,30,2.173,3,0.7243,0.7243
5,31,3.213,4,0.8033,0.8033
5,32,1.446,3,0.4821,0.4821
5,33,2.467,3,0.8225,0.8225
問題区分＝本試験,人数＝282,平均正答率＝0.5390,,,
科目＝旧日本史Ａ,総平均点＝53.95,,,,
大問,解答番号,平均点,配点,得点率,正答率
1,合計,11.004,22,0.5002,0.498
1,1,1.223,3,0.4078,0.4078
1,2,1.606,3,0.5355,0.5355
1,3,2.128,3,0.7092,0.7092
1,4,0.798,3,0.266,0.266
1,5,1.138,3,0.3794,0.3794
1,6,2.184,4,0.5461,0.5461
1,7,1.926,3,0.6418,0.6418
2,合計,6.713,12,0.5594,0.5594
2,8,1.415,3,0.4716,0.4716
2,9,1.436,3,0.4787,0.4787
2,10,1.351,3,0.4504,0.4504
2,11,2.511,3,0.8369,0.8369
3,合計,11.135,22,0.5061,0.5172
3,12,0.5,3,0.1667,0.1667
3,13,1.489,3,0.4965,0.4965
3,14,2.436,3,0.8121,0.8121
3,15,2.064,3,0.6879,0.6879
3,16,1.117,3,0.3723,0.3723
3,17,1.092,4,0.273,0.273
3,18,2.436,3,0.8121,0.8121
4,合計,12.759,22,0.5799,0.5816
4,19,2.34,3,0.7801,0.7801
4,20,0.989,3,0.3298,0.3298
4,21,2.064,3,0.6879,0.6879
4,22,1.628,3,0.5426,0.5426
4,23,2.184,4,0.5461,0.5461
4,24,1.436,3,0.4787,0.4787
4,25,2.117,3,0.7057,0.7057
5,合計,12.337,22,0.5608,0.5476
5,26,1.489,3,0.4965,0.4965
5,27,1.351,3,0.4504,0.4504
5,28,1.468,3,0.4894,0.4894
5,29,1.415,3,0.4716,0.4716
5,30,1.947,3,0.6489,0.6489
5,31,1.319,3,0.4397,0.4397
5,32,3.348,4,0.8369,0.8369
問題区分＝本試験,人数＝11946,平均正答率＝0.6831,,,
科目＝旧日本史Ｂ,総平均点＝68.31,,,,
大問,解答番号,平均点,配点,得点率,正答率
1,合計,11.113,18,0.6174,0.6174
1,1,1.14,3,0.38,0.38
1,2,2.348,3,0.7825,0.7825
1,3,2.291,3,0.7636,0.7636
1,4,1.143,3,0.381,0.381
1,5,2.293,3,0.7644,0.7644
1,6,1.899,3,0.6328,0.6328
2,合計,12.259,16,0.7662,0.7729
2,7,2.376,3,0.7919,0.7919
2,8,2.619,3,0.8729,0.8729
2,9,2.399,3,0.7995,0.7995
2,10,2.664,4,0.6661,0.6661
2,11,2.202,3,0.734,0.734
3,合計,9.608,16,0.6005,0.6093
3,12,2.275,3,0.7585,0.7585
3,13,2.077,3,0.6922,0.6922
3,14,1.774,3,0.5913,0.5913
3,15,1.612,3,0.5372,0.5372
3,16,1.87,4,0.4675,0.4675
4,合計,10.95,16,0.6844,0.6735
4,17,2.445,3,0.8149,0.8149
4,18,2.014,3,0.6714,0.6714
4,19,1.162,3,0.3873,0.3873
4,20,1.941,3,0.6469,0.6469
4,21,3.389,4,0.8471,0.8471
5,合計,8.751,12,0.7293,0.7293
5,22,2.004,3,0.6679,0.6679
5,23,2.039,3,0.6796,0.6796
5,24,1.897,3,0.6323,0.6323
5,25,2.812,3,0.9372,0.9372
6,合計,15.627,22,0.7103,0.7085
6,26,2.537,3,0.8456,0.8456
6,27,1.269,3,0.423,0.423
6,28,2.415,3,0.8051,0.8051
6,29,1.893,3,0.631,0.631
6,30,2.995,4,0.7488,0.7488
6,31,1.99,3,0.6634,0.6634
6,32,2.527,3,0.8424,0.8424
問題区分＝本試験,人数＝288,平均正答率＝0.5748,,,
科目＝旧地理Ａ,総平均点＝56.96,,,,
大問,解答番号,平均点,配点,得点率,正答率
1,合計,10.493,20,0.5247,0.5382
1,1,1.5,3,0.5,0.5
1,2,1.521,3,0.5069,0.5069
1,3,1.597,4,0.3993,0.3993
1,4,2.479,3,0.8264,0.8264
1,5,1.771,3,0.5903,0.5903
1,6,1.625,4,0.4063,0.4063
2,合計,11.194,20,0.5597,0.5793
2,7,2.583,3,0.8611,0.8611
2,8,1.906,3,0.6354,0.6354
2,9,1.181,4,0.2951,0.2951
2,10,1.889,4,0.4722,0.4722
2,11,1.521,3,0.5069,0.5069
2,12,2.115,3,0.7049,0.7049
3,合計,10.969,20,0.5484,0.5451
3,13,1.236,4,0.309,0.309
3,14,1.052,3,0.3507,0.3507
3,15,0.948,3,0.316,0.316
3,16,2.5,3,0.8333,0.8333
3,17,1.844,3,0.6146,0.6146
3,18,3.389,4,0.8472,0.8472
4,合計,13.167,20,0.6583,0.6603
4,19,1.021,3,0.3403,0.3403
4,20,2.222,4,0.5556,0.5556
4,21,2.903,4,0.7257,0.7257
4,22,2.344,3,0.7813,0.7813
4,23,2.219,3,0.7396,0.7396
4,24,2.458,3,0.8194,0.8194
5,合計,11.135,20,0.5568,0.5509
5,25,1.292,3,0.4306,0.4306
5,26,1.969,3,0.6563,0.6563
5,27,2.25,4,0.5625,0.5625
5,28,2.625,4,0.6563,0.6563
5,29,1.135,3,0.3785,0.3785
5,30,1.865,3,0.6215,0.6215
問題区分＝本試験,人数＝18771,平均正答率＝0.6169,,,
科目＝旧地理Ｂ,総平均点＝61.43,,,,
大問,解答番号,平均点,配点,得点率,正答率
1,合計,8.653,20,0.4326,0.447
1,1,1.049,3,0.3497,0.3497
1,2,1.323,4,0.3308,0.3308
1,3,1.498,3,0.4992,0.4992
1,4,1.105,4,0.2763,0.2763
1,5,1.541,3,0.5136,0.5136
1,6,2.137,3,0.7123,0.7123
2,合計,13.794,20,0.6897,0.6949
2,7,2.928,4,0.732,0.732
2,8,2.397,3,0.7989,0.7989
2,9,2.218,4,0.5546,0.5546
2,10,1.766,3,0.5886,0.5886
2,11,2.077,3,0.6925,0.6925
2,12,2.408,3,0.8025,0.8025
3,合計,15.717,20,0.7858,0.7797
3,13,2.019,3,0.6731,0.6731
3,14,2.502,3,0.8341,0.8341
3,15,3.046,4,0.7614,0.7614
3,16,1.949,3,0.6497,0.6497
3,17,3.679,4,0.9197,0.9197
3,18,2.521,3,0.8404,0.8404
4,合計,9.7,20,0.485,0.4866
4,19,2.532,4,0.6329,0.6329
4,20,1.381,3,0.4602,0.4602
4,21,1.233,4,0.3083,0.3083
4,22,1.887,3,0.6288,0.6288
4,23,1.082,3,0.3608,0.3608
4,24,1.586,3,0.5287,0.5287
5,合計,13.571,20,0.6786,0.6762
5,25,1.953,3,0.6508,0.6508
5,26,2.275,3,0.7584,0.7584
5,27,2.466,4,0.6165,0.6165
5,28,3.134,4,0.7836,0.7836
5,29,1.47,3,0.4899,0.4899
5,30,2.273,3,0.7578,0.7578
問題区分＝本試験,人数＝29042,平均正答率＝0.5962,,,
科目＝公共，倫理,総平均点＝59.74,,,,
大問,解答番号,平均点,配点,得点率,正答率
1,合計,8.124,12,0.677,0.677
1,1,1.598,3,0.5326,0.5326
1,2,2.895,3,0.9651,0.9651
1,3,2.744,3,0.9147,0.9147
1,4,0.886,3,0.2954,0.2954
2,合計,10.403,13,0.8003,0.7976
2,5,2.346,3,0.7819,0.7819
2,6,3.33,4,0.8324,0.8324
2,7,1.886,3,0.6285,0.6285
2,8,2.843,3,0.9475,0.9475
3,合計,16.221,28,0.5793,0.5816
3,9,1.32,3,0.4399,0.4399
3,10,1.018,3,0.3393,0.3393
3,11,1.763,3,0.5876,0.5875
3,12,2.187,3,0.7291,0.7291
3,13,1.088,3,0.3626,0.3626
3,14,2.214,3,0.7379,0.7379
3,15,2.31,3,0.77,0.77
3,16,2.246,3,0.7486,0.7486
3,17,2.076,4,0.519,0.519
4,合計,8.881,15,0.5921,0.5921
4,18,1.549,3,0.5165,0.5165
4,19,2.003,3,0.6678,0.6678
4,20,1.522,3,0.5074,0.5074
4,21,2.675,3,0.8916,0.8916
4,22,1.131,3,0.3771,0.3771
5,合計,6.658,16,0.4162,0.412
5,23,0.318,3,0.1061,0.1061
5,24,2.063,3,0.6877,0.6877
5,25,0.769,3,0.2564,0.2564
5,26,1.596,3,0.5321,0.5321
5,27-28,1.912,4,0.4779,0.4779
6,合計,9.449,16,0.5905,0.5851
6,29,1.364,3,0.4546,0.4546
6,30,1.888,3,0.6293,0.6293
6,31,0.795,3,0.265,0.265
6,32,2.715,3,0.905,0.905
6,33,2.687,4,0.6718,0.6718
問題区分＝本試験,人数＝127120,平均正答率＝0.6250,,,
科目＝公共，政治・経済,総平均点＝62.66,,,,
大問,解答番号,平均点,配点,得点率,正答率
1,合計,8.342,12,0.6952,0.6952
1,1,1.765,3,0.5885,0.5885
1,2,2.87,3,0.9567,0.9567
1,3,2.663,3,0.8877,0.8877
1,4,1.044,3,0.3479,0.3479
2,合計,9.194,13,0.7072,0.6982
2,5,1.655,3,0.5518,0.5518
2,6,3.261,4,0.8153,0.8153
2,7,1.45,3,0.4834,0.4834
2,8,2.827,3,0.9425,0.9425
3,合計,11.102,18,0.6168,0.6168
3,9,1.565,3,0.5217,0.5217
3,10,1.133,3,0.3776,0.3776
3,11,2.274,3,0.7579,0.7579
3,12,2.457,3,0.8191,0.8191
3,13,1.829,3,0.6097,0.6097
3,14,1.844,3,0.6147,0.6147
4,合計,11.286,19,0.594,0.5838
4,15,0.472,3,0.1574,0.1574
4,16,3.114,4,0.7785,0.7785
4,17,1.667,3,0.5556,0.5556
4,18,1.787,3,0.5956,0.5956
4,19,1.947,3,0.6491,0.6491
4,20,2.299,3,0.7663,0.7663
5,合計,11.903,19,0.6265,0.6219
5,21,1.271,3,0.4236,0.4236
5,22,1.043,3,0.3476,0.3476
5,23,2.606,3,0.8686,0.8686
5,24,2.307,3,0.7689,0.7689
5,25,1.841,3,0.6137,0.6137
5,26,2.836,4,0.7089,0.7089
6,合計,10.835,19,0.5703,0.5821
6,27,1.896,3,0.6321,0.6321
6,28,1.592,3,0.5306,0.5306
6,29,2.152,3,0.7172,0.7172
6,30,1.426,4,0.3566,0.3566
6,31,1.806,3,0.602,0.602
6,32,1.963,3,0.6543,0.6543
問題区分＝本試験,人数＝3654,平均正答率＝0.6455,,,
科目＝旧現代社会,総平均点＝64.96,,,,
大問,解答番号,平均点,配点,得点率,正答率
1,合計,13.764,21,0.6554,0.6554
1,1,2.095,3,0.6984,0.6984
1,2,2.401,3,0.8002,0.8002
1,3,1.295,3,0.4316,0.4316
1,4,1.58,3,0.5265,0.5265
1,5,2.785,3,0.9283,0.9283
1,6,2.131,3,0.7102,0.7102
1,7,1.478,3,0.4926,0.4926
2,合計,13.417,21,0.6389,0.6389
2,8,2.418,3,0.806,0.806
2,9,2.899,3,0.9663,0.9663
2,10,1.361,3,0.4537,0.4537
2,11,1.605,3,0.535,0.535
2,12,2.054,3,0.6847,0.6847
2,13,1.048,3,0.3495,0.3495
2,14,2.031,3,0.6771,0.6771
3,合計,11.802,21,0.562,0.562
3,15,2.08,3,0.6935,0.6935
3,16,2.351,3,0.7838,0.7838
3,17,1.817,3,0.6056,0.6056
3,18,1.406,3,0.4685,0.4685
3,19,1.152,3,0.384,0.384
3,20,1.798,3,0.5993,0.5993
3,21,1.198,3,0.3993,0.3993
4,合計,14.019,21,0.6676,0.6676
4,22,2.381,3,0.7937,0.7937
4,23,1.966,3,0.6552,0.6552
4,24,2.658,3,0.8862,0.8862
4,25,2.23,3,0.7433,0.7433
4,26,0.874,3,0.2915,0.2915
4,27,1.525,3,0.5085,0.5085
4,28,2.384,3,0.7947,0.7947
5,合計,11.957,16,0.7473,0.7473
5,29,2.997,4,0.7493,0.7493
5,30,3.441,4,0.8602,0.8602
5,31,2.593,4,0.6483,0.6483
5,32,2.926,4,0.7315,0.7315
問題区分＝本試験,人数＝1749,平均正答率＝0.5449,,,
科目＝旧倫理,総平均点＝54.65,,,,
大問,解答番号,平均点,配点,得点率,正答率
1,合計,11.47,24,0.4779,0.4779
1,1,0.671,3,0.2236,0.2236
1,2,2.099,3,0.6998,0.6998
1,3,1.688,3,0.5626,0.5626
1,4,0.974,3,0.3248,0.3248
1,5,1.091,3,0.3636,0.3636
1,6,1.075,3,0.3585,0.3585
1,7,2.17,3,0.7233,0.7233
1,8,1.702,3,0.5672,0.5672
2,合計,14.098,24,0.5874,0.5874
2,9,1.503,3,0.5009,0.5009
2,10,1.357,3,0.4523,0.4523
2,11,2.256,3,0.7519,0.7519
2,12,2.13,3,0.7101,0.7101
2,13,1.473,3,0.4911,0.4911
2,14,1.149,3,0.3831,0.3831
2,15,2.223,3,0.741,0.741
2,16,2.007,3,0.669,0.669
3,合計,13.151,24,0.548,0.548
3,17,1.518,3,0.506,0.506
3,18,0.657,3,0.219,0.219
3,19,2.134,3,0.7113,0.7113
3,20,2.237,3,0.7456,0.7456
3,21,1.197,3,0.3991,0.3991
3,22,1.575,3,0.5249,0.5249
3,23,2.019,3,0.673,0.673
3,24,1.815,3,0.6049,0.6049
4,合計,15.936,28,0.5691,0.5638
4,25,0.909,2,0.4545,0.4545
4,26,1.99,3,0.6632,0.6632
4,27,1.307,3,0.4357,0.4357
4,28,2.134,3,0.7113,0.7113
4,29,1.81,3,0.6032,0.6032
4,30,2.024,4,0.506,0.506
4,31,0.993,3,0.331,0.331
4,32,2.123,3,0.7078,0.7078
4,33,2.646,4,0.6615,0.6615
問題区分＝本試験,人数＝1944,平均正答率＝0.5936,,,
科目＝旧政治・経済,総平均点＝59.84,,,,
大問,解答番号,平均点,配点,得点率,正答率
1,合計,15.206,26,0.5849,0.5907
1,1,2.063,3,0.6878,0.6878
1,2,1.813,4,0.4532,0.4532
1,3,2.302,4,0.5756,0.5756
1,4,0.48,3,0.16,0.16
1,5,1.998,3,0.6662,0.6662
1,6,1.779,3,0.5931,0.5931
1,7,2.287,3,0.7623,0.7623
1,8,2.483,3,0.8277,0.8277
2,合計,13.167,25,0.5267,0.542
2,9,1.238,3,0.4126,0.4126
2,10,1.54,3,0.5134,0.5134
2,11,2.611,3,0.8704,0.8704
2,12,1.201,3,0.4002,0.4002
2,13,1.551,3,0.517,0.517
2,14,0.638,4,0.1595,0.1595
2,15,1.958,3,0.6528,0.6528
2,16,2.431,3,0.8102,0.8102
3,合計,13.937,25,0.5575,0.5454
3,17,3.391,4,0.8477,0.8477
3,18,1.591,3,0.5303,0.5303
3,19,2.236,3,0.7454,0.7454
3,20,0.884,3,0.2948,0.2948
3,21,1.59,3,0.5298,0.5298
3,22,0.886,3,0.2953,0.2953
3,23,2.026,3,0.6754,0.6754
3,24,1.333,3,0.4444,0.4444
4,合計,17.527,24,0.7303,0.7303
4,25,2.377,4,0.5941,0.5941
4,26,3.683,4,0.9208,0.9208
4,27,2.926,4,0.7315,0.7315
4,28,2.881,4,0.7202,0.7202
4,29,3.031,4,0.7577,0.7577
4,30,2.63,4,0.6574,0.6574
問題区分＝本試験,人数＝6148,平均正答率＝0.6181,,,
科目＝旧倫理，旧政治・経済,総平均点＝62.03,,,,
大問,解答番号,平均点,配点,得点率,正答率
1,合計,6.145,12,0.5121,0.5121
1,1,0.837,3,0.279,0.279
1,2,2.317,3,0.7724,0.7724
1,3,1.772,3,0.5906,0.5906
1,4,1.219,3,0.4065,0.4065
2,合計,7.304,12,0.6087,0.6087
2,5,1.51,3,0.5033,0.5033
2,6,1.511,3,0.5036,0.5036
2,7,2.534,3,0.8448,0.8448
2,8,1.749,3,0.583,0.583
3,合計,7.175,12,0.5979,0.5979
3,9,1.725,3,0.575,0.575
3,10,0.697,3,0.2323,0.2323
3,11,2.525,3,0.8417,0.8417
3,12,2.228,3,0.7427,0.7427
4,合計,10.258,14,0.7327,0.7171
4,13,2.169,3,0.723,0.723
4,14,1.477,3,0.4922,0.4922
4,15,2.934,4,0.7334,0.7334
4,16,3.679,4,0.9196,0.9196
5,合計,10.679,19,0.562,0.5844
5,17,1.754,3,0.5847,0.5847
5,18,1.87,3,0.6235,0.6235
5,19,1.834,3,0.6113,0.6113
5,20,0.635,4,0.1588,0.1588
5,21,2.092,3,0.6973,0.6973
5,22,2.493,3,0.8312,0.8312
6,合計,11.095,19,0.5839,0.5674
6,23,3.527,4,0.8818,0.8818
6,24,1.683,3,0.561,0.561
6,25,0.896,3,0.2986,0.2986
6,26,1.686,3,0.562,0.562
6,27,1.201,3,0.4005,0.4005
6,28,2.102,3,0.7006,0.7006
7,合計,9.378,12,0.7815,0.7815
7,29,1.805,3,0.6018,0.6018
7,30,2.8,3,0.9335,0.9335
7,31,2.398,3,0.7993,0.7993
7,32,2.374,3,0.7913,0.7913
問題区分＝本試験,人数＝5950,平均正答率＝0.4277,,,
科目＝地理総合,総平均点＝21.75,,,,
大問,解答番号,平均点,配点,得点率,正答率
1,合計,6.384,13,0.491,0.4924
1,101,2.241,3,0.7469,0.7469
1,102,0.791,3,0.2635,0.2635
1,103,1.897,4,0.4743,0.4743
1,104,1.455,3,0.485,0.485
2,合計,4.086,12,0.3405,0.3405
2,105,1.413,3,0.4711,0.4711
2,106,0.879,3,0.2929,0.2929
2,107,0.678,3,0.2259,0.2259
2,108,1.116,3,0.3719,0.3719
3,合計,7.639,13,0.5877,0.5742
3,109,1.393,3,0.4642,0.4642
3,110,1.223,3,0.4076,0.4076
3,111,2.028,3,0.676,0.676
3,112,2.996,4,0.7491,0.7491
4,合計,3.645,12,0.3037,0.3037
4,113,1.109,3,0.3696,0.3696
4,114,0.898,3,0.2995,0.2995
4,115,1.19,3,0.3966,0.3966
4,116,0.448,3,0.1492,0.1492
問題区分＝本試験,人数＝4005,平均正答率＝0.4948,,,
科目＝歴史総合,総平均点＝24.83,,,,
大問,解答番号,平均点,配点,得点率,正答率
1,合計,11.979,25,0.4792,0.4755
1,101,0.861,3,0.2869,0.2869
1,102,0.826,3,0.2754,0.2754
1,103,1.671,3,0.5571,0.5571
1,104,1.118,3,0.3725,0.3725
1,105,2.228,3,0.7428,0.7428
1,106,1.951,3,0.6504,0.6504
1,107,1.053,3,0.3511,0.3511
1,108,2.27,4,0.5675,0.5675
2,合計,12.854,25,0.5141,0.5141
2,109,1.612,3,0.5373,0.5373
2,110,2.06,4,0.5151,0.5151
2,111,1.583,3,0.5276,0.5276
2,112,1.454,3,0.4846,0.4846
2,113,0.797,3,0.2657,0.2657
2,114,1.889,3,0.6297,0.6297
2,115,1.57,3,0.5233,0.5233
2,116,1.888,3,0.6295,0.6295
問題区分＝本試験,人数＝5477,平均正答率＝0.5089,,,
科目＝公共,総平均点＝25.28,,,,
大問,解答番号,平均点,配点,得点率,正答率
1,合計,7.008,12,0.584,0.584
1,101,1.322,3,0.4406,0.4406
1,102,2.643,3,0.8811,0.8811
1,103,2.248,3,0.7495,0.7495
1,104,0.795,3,0.2649,0.2649
2,合計,6.402,12,0.5335,0.5335
2,105,2.338,3,0.7794,0.7794
2,106,2.132,3,0.7106,0.7106
2,107,1.272,3,0.424,0.424
2,108,0.66,3,0.22,0.22
3,合計,5.203,13,0.4003,0.4088
3,109,1.189,4,0.2972,0.2972
3,110,0.68,3,0.2268,0.2268
3,111,0.851,3,0.2835,0.2835
3,112,2.483,3,0.8278,0.8278
4,合計,6.661,13,0.5124,0.5091
4,113,1.259,3,0.4198,0.4198
4,114,2.207,4,0.5518,0.5518
4,115,0.901,3,0.3003,0.3003
4,116,2.294,3,0.7647,0.7647
問題区分＝本試験,人数＝308344,平均正答率＝0.5424,,,
科目＝数学Ⅰ，数学Ａ,総平均点＝53.51,,,,
大問,解答番号,平均点,配点,得点率,正答率
1,合計,18.617,30,0.6206,0.6357
1,ｱ-ｲ,1.822,2,0.9111,0.9111
1,ｳ-ｶ,2.373,3,0.7909,0.7909
1,ｷ-ｸ,1.206,2,0.6029,0.6029
1,ｹ,1.669,3,0.5562,0.5562
1,ｺ-ｻ,1.745,2,0.8726,0.8726
1,ｼ,1.489,2,0.7447,0.7447
1,ｽ-ｾ,1.672,2,0.8362,0.8362
1,ｿ,2.486,3,0.8286,0.8286
1,ﾀ-ﾁ,1.786,3,0.5954,0.5954
1,ﾂ-ﾃ,0.6,3,0.1999,0.1999
1,ﾄ-ﾆ,0.598,2,0.2992,0.2992
1,ﾇ-ﾈ,1.171,3,0.3903,0.3903
2,合計,12.647,30,0.4216,0.4395
2,ｱ,1.628,2,0.8142,0.8142
2,ｲ-ｵ,1.78,3,0.5934,0.5934
2,ｶ-ｷ,1.074,2,0.5371,0.5371
2,ｸ-ｻ,0.86,3,0.2868,0.2868
2,ｼ,0.263,1,0.2629,0.2629
2,ｽ-ｿ,0.579,4,0.1446,0.1446
2,ﾀ,0.796,2,0.3981,0.3981
2,ﾁ,1.563,2,0.7816,0.7816
2,ﾂ,1.266,2,0.6329,0.6329
2,ﾃ,0.563,3,0.1876,0.1876
2,ﾄ,0.266,2,0.1328,0.1328
2,ﾅ-ﾈ,2.009,4,0.5022,0.5022
3,合計,10.542,20,0.5271,0.5372
3,ｱ-ｲ,2.563,3,0.8542,0.8542
3,ｳ,2.32,3,0.7734,0.7734
3,ｴ-ｶ,1.479,2,0.7395,0.7395
3,ｷ-ｸ,1.589,3,0.5297,0.5297
3,ｹ,1.487,3,0.4957,0.4957
3,ｺ-ｽ,0.672,3,0.2241,0.2241
3,ｾ,0.431,3,0.1438,0.1438
4,合計,11.707,20,0.5854,0.5611
4,ｱ-ｳ,2.727,3,0.9089,0.9089
4,ｴ-ｷ,2.312,3,0.7707,0.7707
4,ｸ-ｹ,1.996,3,0.6652,0.6652
4,ｺ-ｼ,1.864,3,0.6212,0.6212
4,ｽ-ｾ,0.541,1,0.541,0.541
4,ｿ-ﾁ,1.273,3,0.4243,0.4243
4,ﾂ-ﾃ,0.339,1,0.3389,0.3389
4,ﾄ-ﾆ,0.656,3,0.2188,0.2188
問題区分＝本試験,人数＝3090,平均正答率＝0.3025,,,
科目＝数学Ⅰ,総平均点＝28.08,,,,
大問,解答番号,平均点,配点,得点率,正答率
1,合計,11.578,20,0.5789,0.5932
1,ｱ-ｲ,1.405,2,0.7026,0.7026
1,ｳ-ｶ,1.35,3,0.4498,0.4498
1,ｷ-ｸ,0.472,2,0.2359,0.2359
1,ｹ,1.35,3,0.4498,0.4498
1,ｺ,1.488,2,0.744,0.744
1,ｻ-ｽ,1.854,2,0.9269,0.9269
1,ｾ-ﾀ,1.704,2,0.8518,0.8518
1,ﾁ,0.992,2,0.4958,0.4958
1,ﾂ,0.965,2,0.4825,0.4825
2,合計,6.876,30,0.2292,0.2346
2,ｱ-ｴ,0.857,3,0.2858,0.2858
2,ｵ,0.489,2,0.2443,0.2443
2,ｶ-ｹ,0.128,3,0.0427,0.0427
2,ｺ,0.269,2,0.1346,0.1346
2,ｻ-ｼ,0.966,2,0.4828,0.4828
2,ｽ,0.515,2,0.2573,0.2573
2,ｾ-ｿ,0.812,2,0.4061,0.4061
2,ﾀ,1.37,3,0.4566,0.4566
2,ﾁ-ﾂ,0.722,3,0.2408,0.2408
2,ﾃ-ﾄ,0.241,3,0.0803,0.0803
2,ﾅ-ﾇ,0.087,2,0.0434,0.0434
2,ﾈ-ﾉ,0.42,3,0.1401,0.1401
3,合計,4.747,30,0.1582,0.1735
3,ｱ-ｴ,1.116,2,0.5579,0.5579
3,ｵ,1.097,3,0.3657,0.3657
3,ｶ-ｹ,0.812,3,0.2706,0.2706
3,ｺ-ｻ,0.447,3,0.1489,0.1489
3,ｼ-ｽ,0.07,4,0.0175,0.0175
3,ｾ,0.676,2,0.3379,0.3379
3,ｿ-ﾂ,0.282,3,0.0939,0.0939
3,ﾃ-ﾄ,0.154,2,0.077,0.077
3,ﾅ-ﾈ,0.058,3,0.0194,0.0194
3,ﾉ,0.014,1,0.0139,0.0139
3,ﾊ-ﾌ,0.022,4,0.0055,0.0055
4,合計,4.884,20,0.2442,0.2549
4,ｱ,0.366,2,0.1832,0.1832
4,ｲ,0.965,2,0.4825,0.4825
4,ｳ,0.704,2,0.3521,0.3521
4,ｴ,0.727,2,0.3634,0.3634
4,ｵ,0.411,3,0.1369,0.1369
4,ｶ,0.102,2,0.0511,0.0511
4,ｷ,0.813,3,0.2709,0.2709
4,ｸ-ｻ,0.796,4,0.199,0.199
問題区分＝本試験,人数＝36274,平均正答率＝0.6241,,,
科目＝旧数学Ⅰ・旧数学Ａ,総平均点＝59.86,,,,
大問,解答番号,平均点,配点,得点率,正答率
1,合計,21.024,30,0.7008,0.7181
1,ｱ-ｲ,1.891,2,0.9454,0.9454
1,ｳ-ｶ,2.669,3,0.8896,0.8896
1,ｷ-ｸ,1.513,2,0.7563,0.7563
1,ｹ,1.741,3,0.5804,0.5804
1,ｺ-ｻ,1.866,2,0.9329,0.9329
1,ｼ,1.742,2,0.8709,0.8709
1,ｽ-ｾ,1.805,2,0.9024,0.9024
1,ｿ,2.689,3,0.8964,0.8964
1,ﾀ-ﾁ,2.057,3,0.6856,0.6856
1,ﾂ-ﾃ,0.758,3,0.2527,0.2527
1,ﾄ-ﾆ,0.842,2,0.4209,0.4209
1,ﾇ-ﾈ,1.452,3,0.4839,0.4839
2,合計,17.579,30,0.586,0.6109
2,ｱ,1.802,2,0.901,0.901
2,ｲ-ｵ,2.212,3,0.7373,0.7373
2,ｶ-ｷ,1.374,2,0.6868,0.6868
2,ｸ-ｻ,1.371,3,0.4569,0.4569
2,ｼ,0.427,1,0.4265,0.4265
2,ｽ-ｿ,1.043,4,0.2608,0.2608
2,ﾀ-ﾃ,1.578,2,0.7889,0.7889
2,ﾄ-ﾅ,1.515,3,0.5049,0.5049
2,ﾆ,2.134,3,0.7115,0.7115
2,ﾇ,1.552,2,0.7761,0.7761
2,ﾈ,1.237,3,0.4124,0.4124
2,ﾉ,1.335,2,0.6674,0.6674
3,合計,10.274,20,0.5137,0.5532
3,ｱ-ｲ,1.816,2,0.9081,0.9081
3,ｳ-ｷ,2.135,3,0.7115,0.7115
3,ｸ-ｹ,1.376,2,0.688,0.688
3,ｺ-ｻ,1.205,2,0.6026,0.6026
3,ｼ-ｽ,1.178,2,0.589,0.589
3,ｾ-ﾀ,1.096,3,0.3652,0.3652
3,ﾁ,0.777,2,0.3885,0.3885
3,ﾂ-ﾅ,0.692,4,0.1729,0.1729
4,合計,10.522,20,0.5261,0.5905
4,ｱ-ｳ,1.709,2,0.8543,0.8543
4,ｴ-ｵ,2.221,3,0.7403,0.7403
4,ｶ-ｸ,2.271,3,0.7569,0.7569
4,ｹ,1.452,2,0.7262,0.7262
4,ｺ-ｼ,1.353,2,0.6766,0.6766
4,ｽ-ｿ,0.514,4,0.1285,0.1285
4,ﾀ,1.002,4,0.2506,0.2506
5,合計,11.802,20,0.5901,0.6001
5,ｱ-ｲ,2.673,3,0.8911,0.8911
5,ｳ,2.459,3,0.8197,0.8197
5,ｴ-ｶ,1.599,2,0.7996,0.7996
5,ｷ-ｸ,1.923,3,0.6408,0.6408
5,ｹ,1.713,3,0.5711,0.5711
5,ｺ-ｽ,0.962,3,0.3206,0.3206
5,ｾ,0.473,3,0.1576,0.1576
問題区分＝本試験,人数＝320,平均正答率＝0.3509,,,
科目＝旧数学Ⅰ,総平均点＝32.82,,,,
大問,解答番号,平均点,配点,得点率,正答率
1,合計,12.253,20,0.6127,0.6281
1,ｱ-ｲ,1.531,2,0.7656,0.7656
1,ｳ-ｶ,1.622,3,0.5406,0.5406
1,ｷ-ｸ,0.65,2,0.325,0.325
1,ｹ,1.219,3,0.4063,0.4063
1,ｺ,1.563,2,0.7813,0.7813
1,ｻ-ｽ,1.813,2,0.9063,0.9063
1,ｾ-ﾀ,1.681,2,0.8406,0.8406
1,ﾁ,1.119,2,0.5594,0.5594
1,ﾂ,1.056,2,0.5281,0.5281
2,合計,8.191,30,0.273,0.2792
2,ｱ-ｴ,1.219,3,0.4063,0.4063
2,ｵ,0.656,2,0.3281,0.3281
2,ｶ-ｹ,0.272,3,0.0906,0.0906
2,ｺ,0.388,2,0.1938,0.1938
2,ｻ-ｼ,1.056,2,0.5281,0.5281
2,ｽ,0.669,2,0.3344,0.3344
2,ｾ-ｿ,0.831,2,0.4156,0.4156
2,ﾀ,1.425,3,0.475,0.475
2,ﾁ-ﾂ,0.788,3,0.2625,0.2625
2,ﾃ-ﾄ,0.338,3,0.1125,0.1125
2,ﾅ-ﾇ,0.119,2,0.0594,0.0594
2,ﾈ-ﾉ,0.431,3,0.1438,0.1438
3,合計,5.534,30,0.1845,0.1997
3,ｱ-ｴ,1.194,2,0.5969,0.5969
3,ｵ,1.125,3,0.375,0.375
3,ｶ-ｹ,1.05,3,0.35,0.35
3,ｺ-ｻ,0.647,3,0.2156,0.2156
3,ｼ-ｽ,0.1,4,0.025,0.025
3,ｾ,0.713,2,0.3563,0.3563
3,ｿ-ﾂ,0.366,3,0.1219,0.1219
3,ﾃ-ﾄ,0.181,2,0.0906,0.0906
3,ﾅ-ﾈ,0.084,3,0.0281,0.0281
3,ﾉ,0.025,1,0.025,0.025
3,ﾊ-ﾌ,0.05,4,0.0125,0.0125
4,合計,6.838,20,0.3419,0.3543
4,ｱ-ｴ,1.219,2,0.6094,0.6094
4,ｵ-ｶ,0.863,3,0.2875,0.2875
4,ｷ,1.359,3,0.4531,0.4531
4,ｸ,1.125,2,0.5625,0.5625
4,ｹ,0.872,3,0.2906,0.2906
4,ｺ,0.788,2,0.3938,0.3938
4,ｻ-ｾ,0.413,3,0.1375,0.1375
4,ｿ-ﾁ,0.2,2,0.1,0.1
問題区分＝本試験,人数＝285563,平均正答率＝0.5281,,,
科目＝数学Ⅱ，数学Ｂ，数学Ｃ,総平均点＝51.56,,,,
大問,解答番号,平均点,配点,得点率,正答率
1,合計,7.625,15,0.5083,0.5365
1,ｱ-ｳ,1.682,2,0.8411,0.8411
1,ｴ,2.268,3,0.7559,0.7559
1,ｵ-ｸ,1.415,3,0.4716,0.4716
1,ｹ-ｽ,0.772,3,0.2574,0.2574
1,ｾ,0.596,1,0.5961,0.5961
1,ｿ-ﾂ,0.892,3,0.2973,0.2973
2,合計,8.014,15,0.5342,0.5597
2,ｱ,1.882,3,0.6274,0.6274
2,ｲ,1.81,2,0.9052,0.9052
2,ｳ-ｶ,1.189,2,0.5943,0.5943
2,ｷ-ｹ,1.123,2,0.5614,0.5614
2,ｺ,1.468,3,0.4892,0.4892
2,ｻ-ｼ,0.542,3,0.1807,0.1807
3,合計,13.565,22,0.6166,0.6315
3,ｱ-ｲ,1.93,2,0.965,0.965
3,ｳ-ｴ,1.77,2,0.8851,0.8851
3,ｵ-ｶ,1.842,2,0.921,0.921
3,ｷ,1.666,2,0.8332,0.8332
3,ｸ-ｹ,0.707,1,0.7074,0.7074
3,ｺ-ｻ,0.686,1,0.6859,0.6859
3,ｼ-ｽ,0.593,1,0.593,0.593
3,ｾ,0.671,2,0.3354,0.3354
3,ｿ-ﾀ,0.942,2,0.471,0.471
3,ﾁ-ﾂ,0.854,2,0.4271,0.4271
3,ﾃ-ﾄ,0.717,2,0.3586,0.3586
3,ﾅ,1.186,3,0.3955,0.3955
4,合計,7.498,16,0.4686,0.4952
4,ｱ-ｲ,1.591,2,0.7956,0.7956
4,ｳ-ｵ,1.569,2,0.7844,0.7844
4,ｶ-ｸ,1.363,3,0.4544,0.4544
4,ｹ,0.997,2,0.4984,0.4984
4,ｺ,0.952,2,0.4758,0.4758
4,ｻ,0.693,2,0.3465,0.3465
4,ｼ-ｿ,0.333,3,0.1112,0.1112
5,合計,5.912,16,0.3695,0.3918
5,ｱ-ｴ,1.18,2,0.5899,0.5899
5,ｵ,1.178,2,0.5892,0.5892
5,ｶ,0.338,1,0.3383,0.3383
5,ｷ,0.751,2,0.3755,0.3755
5,ｸ-ｺ,0.542,3,0.1807,0.1807
5,ｻ,0.653,1,0.6533,0.6533
5,ｼ,0.33,1,0.33,0.33
5,ｽ-ﾀ,0.558,2,0.2789,0.2789
5,ﾁ-ﾂ,0.381,2,0.1906,0.1906
6,合計,7.862,16,0.4914,0.5126
6,ｱ,0.878,1,0.8781,0.8781
6,ｲ,1.461,2,0.7304,0.7304
6,ｳ-ｵ,1.617,3,0.5389,0.5389
6,ｶ-ｺ,0.885,2,0.4426,0.4426
6,ｻ,1.181,2,0.5904,0.5904
6,ｼ,0.61,2,0.3049,0.3049
6,ｽ,0.736,2,0.3681,0.3681
6,ｾ,0.495,2,0.2474,0.2474
7,合計,8.654,16,0.5409,0.5409
7,ｱ-ｴ,1.896,2,0.9482,0.9482
7,ｵ,1.53,2,0.7648,0.7648
7,ｶ,1.296,2,0.648,0.648
7,ｷ-ｸ,1.201,2,0.6005,0.6005
7,ｹ,0.804,2,0.4022,0.4022
7,ｺ,0.777,2,0.3884,0.3884
7,ｻ,0.595,2,0.2974,0.2974
7,ｼ,0.555,2,0.2775,0.2775
問題区分＝本試験,人数＝32182,平均正答率＝0.5540,,,
科目＝旧数学Ⅱ・旧数学Ｂ,総平均点＝59.42,,,,
大問,解答番号,平均点,配点,得点率,正答率
1,合計,9.351,15,0.6234,0.643
1,ｱ-ｳ,1.805,2,0.9025,0.9025
1,ｴ,2.58,3,0.8601,0.8601
1,ｵ-ｸ,1.879,3,0.6263,0.6263
1,ｹ-ｽ,1.175,3,0.3917,0.3917
1,ｾ,0.661,1,0.6606,0.6606
1,ｿ-ﾂ,1.251,3,0.4171,0.4171
2,合計,9.301,15,0.6201,0.6412
2,ｱ,2.252,3,0.7506,0.7506
2,ｲ,1.785,2,0.8926,0.8926
2,ｳ-ｶ,1.348,2,0.674,0.674
2,ｷ-ｹ,1.345,2,0.6727,0.6727
2,ｺ,1.77,3,0.5901,0.5901
2,ｻ-ｼ,0.801,3,0.2669,0.2669
3,合計,14.948,22,0.6794,0.6999
3,ｱ-ｲ,1.944,2,0.9719,0.9719
3,ｳ-ｴ,1.856,2,0.9278,0.9278
3,ｵ-ｶ,1.889,2,0.9446,0.9446
3,ｷ,1.792,2,0.8959,0.8959
3,ｸ-ｹ,0.791,1,0.7909,0.7909
3,ｺ-ｻ,0.787,1,0.7873,0.7873
3,ｼ-ｽ,0.722,1,0.7219,0.7219
3,ｾ,0.844,2,0.4221,0.4221
3,ｿ-ﾀ,1.154,2,0.5772,0.5772
3,ﾁ-ﾂ,1.014,2,0.507,0.507
3,ﾃ-ﾄ,0.804,2,0.402,0.402
3,ﾅ,1.351,3,0.4503,0.4503
4,合計,8.723,16,0.5452,0.5586
4,ｱ,1.612,2,0.8058,0.8058
4,ｲ-ｳ,1.981,3,0.6603,0.6603
4,ｴ-ｷ,1.888,3,0.6292,0.6292
4,ｸ-ｹ,1.052,2,0.5258,0.5258
4,ｺ,1.808,3,0.6027,0.6027
4,ｻ-ｼ,0.384,3,0.1279,0.1279
5,合計,2.256,16,0.141,0.1385
5,ｱ,0.306,2,0.1528,0.1528
5,ｲ-ｳ,0.515,3,0.1717,0.1717
5,ｴ,0.133,1,0.1325,0.1325
5,ｵ,0.29,2,0.1451,0.1451
5,ｶ,0.219,2,0.1096,0.1096
5,ｷ,0.441,2,0.2206,0.2206
5,ｸ,0.313,2,0.1563,0.1563
5,ｹ-ｼ,0.039,2,0.0196,0.0196
6,合計,8.678,16,0.5424,0.5693
6,ｱ-ｲ,1.668,2,0.8338,0.8338
6,ｳ-ｵ,1.641,2,0.8204,0.8204
6,ｶ-ｸ,1.672,3,0.5573,0.5573
6,ｹ,1.181,2,0.5906,0.5906
6,ｺ,1.187,2,0.5934,0.5934
6,ｻ,0.877,2,0.4384,0.4384
6,ｼ-ｿ,0.453,3,0.151,0.151
7,合計,9.396,16,0.5872,0.602
7,ｱ,0.937,1,0.9369,0.9369
7,ｲ,1.647,2,0.8233,0.8233
7,ｳ-ｵ,2.103,3,0.701,0.701
7,ｶ-ｺ,1.191,2,0.5956,0.5956
7,ｻ,1.322,2,0.6608,0.6608
7,ｼ,0.766,2,0.3832,0.3832
7,ｽ,0.861,2,0.4306,0.4306
7,ｾ,0.569,2,0.2844,0.2844
問題区分＝本試験,人数＝243,平均正答率＝0.3318,,,
科目＝旧数学Ⅱ,総平均点＝30.19,,,,
大問,解答番号,平均点,配点,得点率,正答率
1,合計,4.082,15,0.2722,0.2997
1,ｱ-ｳ,1.144,2,0.572,0.572
1,ｴ,1.679,3,0.5597,0.5597
1,ｵ-ｸ,0.457,3,0.1523,0.1523
1,ｹ-ｽ,0.173,3,0.0576,0.0576
1,ｾ,0.37,1,0.3704,0.3704
1,ｿ-ﾂ,0.259,3,0.0864,0.0864
2,合計,3.864,15,0.2576,0.2695
2,ｱ,1.148,3,0.3827,0.3827
2,ｲ,1.07,2,0.535,0.535
2,ｳ-ｶ,0.453,2,0.2263,0.2263
2,ｷ-ｹ,0.453,2,0.2263,0.2263
2,ｺ,0.63,3,0.2099,0.2099
2,ｻ-ｼ,0.111,3,0.037,0.037
3,合計,8.938,22,0.4063,0.4071
3,ｱ-ｲ,1.481,2,0.7407,0.7407
3,ｳ-ｴ,1.218,2,0.6091,0.6091
3,ｵ-ｶ,1.514,2,0.7572,0.7572
3,ｷ,1.095,2,0.5473,0.5473
3,ｸ-ｹ,0.412,1,0.4115,0.4115
3,ｺ-ｻ,0.42,1,0.4198,0.4198
3,ｼ-ｽ,0.296,1,0.2963,0.2963
3,ｾ,0.403,2,0.2016,0.2016
3,ｿ-ﾀ,0.42,2,0.2099,0.2099
3,ﾁ-ﾂ,0.379,2,0.1893,0.1893
3,ﾃ-ﾄ,0.412,2,0.2058,0.2058
3,ﾅ,0.889,3,0.2963,0.2963
4,合計,5.317,16,0.3323,0.3592
4,ｱ,1.021,2,0.5103,0.5103
4,ｲ-ｴ,0.963,2,0.4815,0.4815
4,ｵ,0.979,2,0.4897,0.4897
4,ｶ,0.963,2,0.4815,0.4815
4,ｷ-ｹ,0.403,2,0.2016,0.2016
4,ｺ,0.412,2,0.2058,0.2058
4,ｻ,0.576,4,0.144,0.144
5,合計,2.551,16,0.1595,0.1722
5,ｱ,0.823,2,0.4115,0.4115
5,ｲ-ｳ,0.321,3,0.107,0.107
5,ｴ-ｷ,0.395,3,0.1317,0.1317
5,ｸ-ｹ,0.272,2,0.1358,0.1358
5,ｺ,0.716,3,0.2387,0.2387
5,ｻ-ｼ,0.025,3,0.0082,0.0082
6,合計,5.436,16,0.3398,0.3853
6,ｱ,0.778,1,0.7778,0.7778
6,ｲ-ｳ,0.654,1,0.6543,0.6543
6,ｴ-ｷ,1.086,3,0.3621,0.3621
6,ｸ-ｽ,1.025,3,0.3416,0.3416
6,ｾ,0.831,2,0.4156,0.4156
6,ｿ,0.56,2,0.2798,0.2798
6,ﾀ-ﾁ,0.362,2,0.1811,0.1811
6,ﾂ-ﾉ,0.14,2,0.07,0.07
問題区分＝本試験,人数＝31,平均正答率＝0.4794,,,
科目＝旧簿記・会計,総平均点＝47.94,,,,
大問,解答番号,平均点,配点,得点率,正答率
1,合計,24.774,40,0.6194,0.6194
1,ｱ,1.935,2,0.9677,0.9677
1,ｲ,1.613,2,0.8065,0.8065
1,ｳ,1.806,2,0.9032,0.9032
1,ｴ,1.226,2,0.6129,0.6129
1,ｵ,1.484,2,0.7419,0.7419
1,ｶ,1.355,2,0.6774,0.6774
1,ｷ,1.548,2,0.7742,0.7742
1,ｸ,1.29,2,0.6452,0.6452
1,ｹ,0.839,2,0.4194,0.4194
1,ｺ,0.452,2,0.2258,0.2258
1,ｻ-ｽ,1.355,2,0.6774,0.6774
1,ｾ,0.968,2,0.4839,0.4839
1,ｿ,1.097,2,0.5484,0.5484
1,ﾀ,1.29,2,0.6452,0.6452
1,ﾁ,1.419,2,0.7097,0.7097
1,ﾂ-ﾄ,1.484,2,0.7419,0.7419
1,ﾅ,0.839,2,0.4194,0.4194
1,ﾆ,0.968,2,0.4839,0.4839
1,ﾇ,0.839,2,0.4194,0.4194
1,ﾈ,0.968,2,0.4839,0.4839
2,合計,12.903,30,0.4301,0.4301
2,ｱ,0.71,2,0.3548,0.3548
2,ｲ,1.161,2,0.5806,0.5806
2,ｳ-ｵ,1.677,2,0.8387,0.8387
2,ｶ-ｸ,0.71,2,0.3548,0.3548
2,ｹ-ｺ,0.452,2,0.2258,0.2258
2,ｻ,1.161,2,0.5806,0.5806
2,ｼ,1.226,2,0.6129,0.6129
2,ｽ-ｾ,1.548,2,0.7742,0.7742
2,ｿ-ﾁ,0.516,2,0.2581,0.2581
2,ﾂ-ﾄ,0.645,2,0.3226,0.3226
2,ﾅ-ﾇ,0.387,2,0.1935,0.1935
2,ﾈ,0.839,2,0.4194,0.4194
2,ﾉ,0.968,2,0.4839,0.4839
2,ﾊ,0.387,2,0.1935,0.1935
2,ﾋ,0.516,2,0.2581,0.2581
3,合計,10.258,30,0.3419,0.3419
3,ｱ-ｲ,1.097,2,0.5484,0.5484
3,ｳ,0.516,2,0.2581,0.2581
3,ｴ-ｵ,0.581,2,0.2903,0.2903
3,ｶ-ｷ,0.581,2,0.2903,0.2903
3,ｸ,0.839,2,0.4194,0.4194
3,ｹ-ｻ,0.452,2,0.2258,0.2258
3,ｼ-ｽ,0.258,2,0.129,0.129
3,ｾ-ｿ,0.839,2,0.4194,0.4194
3,ﾀ,1.097,2,0.5484,0.5484
3,ﾁ,0.645,2,0.3226,0.3226
3,ﾂ-ﾄ,0.71,2,0.3548,0.3548
3,ﾅ,0.968,2,0.4839,0.4839
3,ﾆ,0.774,2,0.3871,0.3871
3,ﾇ-ﾉ,0.581,2,0.2903,0.2903
3,ﾊ-ﾋ,0.323,2,0.1613,0.1613
問題区分＝本試験,人数＝41,平均正答率＝0.5624,,,
科目＝旧情報関係基礎,総平均点＝56.88,,,,
大問,解答番号,平均点,配点,得点率,正答率
1,合計,28.415,40,0.7104,0.7741
1,ｱ,0.927,1,0.9268,0.9268
1,ｲ,0.951,1,0.9512,0.9512
1,ｳ,0.805,1,0.8049,0.8049
1,ｴ,0.976,1,0.9756,0.9756
1,ｵ,1,1,1,1
1,ｶ,0.78,1,0.7805,0.7805
1,ｷ,1,1,1,1
1,ｸ,0.976,1,0.9756,0.9756
1,ｹ,0.878,1,0.878,0.878
1,ｺ-ｻ,0.805,3,0.2683,0.2683
1,ｼ-ｽ,1.268,2,0.6341,0.6341
1,ｾ,1.024,3,0.3415,0.3415
1,ｿ-ﾂ,1.951,2,0.9756,0.9756
1,ﾃ,1.902,2,0.9512,0.9512
1,ﾄ,1.951,2,0.9756,0.9756
1,ﾅ,1.366,2,0.6829,0.6829
1,ﾆ,0.707,1,0.7073,0.7073
1,ﾇ,1.756,2,0.878,0.878
1,ﾈ,1.902,3,0.6341,0.6341
1,ﾉ,1.683,3,0.561,0.561
1,ﾊ,1.512,2,0.7561,0.7561
1,ﾋ,1.512,2,0.7561,0.7561
1,ﾌ,0.78,2,0.3902,0.3902
2,合計,14.415,30,0.4805,0.4841
2,ｱ-ｲ,1.415,2,0.7073,0.7073
2,ｳ-ｴ,1.268,2,0.6341,0.6341
2,ｵ,1.463,3,0.4878,0.4878
2,ｶ,1.512,2,0.7561,0.7561
2,ｷ,1.463,2,0.7317,0.7317
2,ｸ-ｹ,1.61,3,0.5366,0.5366
2,ｺ,1.39,3,0.4634,0.4634
2,ｻ,0.732,2,0.3659,0.3659
2,ｼ-ｽ,0.683,2,0.3415,0.3415
2,ｾ-ｿ,0.732,2,0.3659,0.3659
2,ﾀ,1.024,3,0.3415,0.3415
2,ﾁ,0.341,2,0.1707,0.1707
2,ﾂ,0.78,2,0.3902,0.3902
3,合計,14.387,30,0.4796,0.443
3,ｱ-ｲ,1.968,2,0.9839,0.9677
3,ｳ-ｴ,2.839,4,0.7097,0.5161
3,ｵ,1.355,2,0.6774,0.6774
3,ｶ,0.968,2,0.4839,0.4839
3,ｷ,0.968,2,0.4839,0.4839
3,ｸ,0.839,2,0.4194,0.4194
3,ｹ,0.968,2,0.4839,0.4839
3,ｺ,0.516,1,0.5161,0.5161
3,ｻ-ｼ,0.71,2,0.3548,0.3548
3,ｽ,0.903,2,0.4516,0.4516
3,ｾ,0.452,2,0.2258,0.2258
3,ｿ,0.71,2,0.3548,0.3548
3,ﾀ,0.452,2,0.2258,0.2258
3,ﾁ,0.516,2,0.2581,0.2581
3,ﾂ,0.226,1,0.2258,0.2258
4,合計,13,30,0.4333,0.4412
4,ｱ,0.8,2,0.4,0.4
4,ｲ,1,2,0.5,0.5
4,ｳ,0.6,2,0.3,0.3
4,ｴ,0.8,2,0.4,0.4
4,ｵ,0.6,2,0.3,0.3
4,ｶ,0.5,1,0.5,0.5
4,ｷ,0.6,1,0.6,0.6
4,ｸ,0.3,1,0.3,0.3
4,ｹ,0.6,1,0.6,0.6
4,ｺ,1,2,0.5,0.5
4,ｻ,1,2,0.5,0.5
4,ｼ,1,2,0.5,0.5
4,ｽ,1,2,0.5,0.5
4,ｾ,0.8,2,0.4,0.4
4,ｿ,1.2,2,0.6,0.6
4,ﾀ,0.6,2,0.3,0.3
4,ﾁ,0.6,2,0.3,0.3
問題区分＝本試験,人数＝18379,平均正答率＝0.5082,,,
科目＝物理基礎,総平均点＝24.78,,,,
大問,解答番号,平均点,配点,得点率,正答率
1,合計,6.771,16,0.4232,0.4232
1,101,2.124,4,0.5309,0.5309
1,102,0.54,4,0.135,0.135
1,103,2.917,4,0.7291,0.7291
1,104,1.191,4,0.2977,0.2977
2,合計,7.447,16,0.4654,0.4821
2,105,1.517,3,0.5057,0.5057
2,106,2.22,3,0.74,0.74
2,107,1.305,3,0.4349,0.4349
2,108,1.542,3,0.5141,0.5141
2,109,0.863,4,0.2156,0.2156
3,合計,10.558,18,0.5866,0.5866
3,110,2.05,3,0.6832,0.6832
3,111,2.107,3,0.7022,0.7022
3,112,2.078,3,0.6927,0.6927
3,113,1.804,3,0.6012,0.6012
3,114,1.767,3,0.589,0.589
3,115,0.753,3,0.2511,0.2511
問題区分＝本試験,人数＝90939,平均正答率＝0.5382,,,
科目＝化学基礎,総平均点＝27.00,,,,
大問,解答番号,平均点,配点,得点率,正答率
1,合計,16.835,30,0.5612,0.5612
1,101,2.487,3,0.829,0.829
1,102,2.104,3,0.7014,0.7014
1,103,1.498,3,0.4995,0.4995
1,104,1.659,3,0.5529,0.5529
1,105,1.753,3,0.5844,0.5844
1,106,1.557,3,0.5191,0.5191
1,107,2.093,3,0.6976,0.6976
1,108,0.41,3,0.1366,0.1366
1,109,2.219,3,0.7396,0.7396
1,110,1.055,3,0.3515,0.3515
2,合計,10.168,20,0.5084,0.4999
2,111-113,3.106,4,0.7766,0.7766
2,114,2.336,3,0.7787,0.7787
2,115,1.265,3,0.4216,0.4216
2,116,1.757,3,0.5857,0.5857
2,117,1.574,4,0.3935,0.3935
2,118-119,0.129,3,0.0432,0.0432
問題区分＝本試験,人数＝114388,平均正答率＝0.6019,,,
科目＝生物基礎,総平均点＝31.39,,,,
大問,解答番号,平均点,配点,得点率,正答率
1,合計,9.554,16,0.5971,0.5286
1,101,0.984,2,0.4919,0.4919
1,102,1.609,3,0.5364,0.5364
1,103,1.89,3,0.63,0.63
1,104-105,3.073,4,0.7682,0.587
1,106,1.998,4,0.4995,0.3974
2,合計,11.545,18,0.6414,0.6414
2,107,2.053,3,0.6842,0.6842
2,108,1.893,3,0.6309,0.6309
2,109,2.032,3,0.6773,0.6773
2,110,2.523,3,0.8412,0.8412
2,111,1.714,3,0.5713,0.5713
2,112,1.33,3,0.4433,0.4433
3,合計,10.289,16,0.643,0.6278
3,113,2.709,3,0.9031,0.9031
3,114,1.85,3,0.6166,0.6166
3,115,2.008,3,0.6694,0.6694
3,116,2.301,4,0.5751,0.4764
3,117,1.421,3,0.4736,0.4736
問題区分＝本試験,人数＝46285,平均正答率＝0.6885,,,
科目＝地学基礎,総平均点＝34.49,,,,
大問,解答番号,平均点,配点,得点率,正答率
1,合計,14.439,20,0.7219,0.7232
1,101,2.66,4,0.6649,0.6649
1,102,2.437,3,0.8124,0.8124
1,103,1.914,3,0.638,0.638
1,104,3.022,4,0.7555,0.7555
1,105,2.259,3,0.7529,0.7529
1,106,2.147,3,0.7156,0.7156
2,合計,5.198,10,0.5198,0.5191
2,107,2.065,3,0.6885,0.6885
2,108,1.028,3,0.3428,0.3428
2,109,2.104,4,0.526,0.526
3,合計,6.933,10,0.6933,0.697
3,110,2.64,4,0.6599,0.6599
3,111,2.172,3,0.7242,0.7242
3,112,2.121,3,0.7069,0.7069
4,合計,7.917,10,0.7917,0.7801
4,113,2.078,3,0.6928,0.6928
4,114,3.583,4,0.8957,0.8957
4,115,2.256,3,0.7519,0.7519
問題区分＝本試験,人数＝144761,平均正答率＝0.5866,,,
科目＝物理,総平均点＝58.96,,,,
大問,解答番号,平均点,配点,得点率,正答率
1,合計,13.301,25,0.5321,0.5321
1,1,4.16,5,0.832,0.832
1,2,4.347,5,0.8693,0.8693
1,3,0.775,5,0.155,0.155
1,4,0.916,5,0.1831,0.1831
1,5,3.104,5,0.6208,0.6208
2,合計,16.98,25,0.6792,0.6792
2,6,3.838,5,0.7676,0.7676
2,7,2.767,5,0.5534,0.5534
2,8,3.9,5,0.7799,0.7799
2,9,4.167,5,0.8334,0.8334
2,10,2.308,5,0.4617,0.4617
3,合計,15.531,25,0.6212,0.6283
3,11,2.256,5,0.4512,0.4512
3,12,2.889,4,0.7223,0.7223
3,13,2.092,4,0.523,0.523
3,14,3.14,4,0.7851,0.7851
3,15,3.119,4,0.7798,0.7798
3,16,2.034,4,0.5086,0.5086
4,合計,13.147,25,0.5259,0.5314
4,17,1.991,3,0.6636,0.6636
4,18,1.366,3,0.4555,0.4555
4,19,1.953,3,0.6508,0.6508
4,20,1.915,3,0.6383,0.6383
4,21,1.568,4,0.3921,0.3921
4,22,1.41,3,0.4698,0.4698
4,23,1.56,3,0.5201,0.5201
4,24,1.384,3,0.4613,0.4613
問題区分＝本試験,人数＝183154,平均正答率＝0.4683,,,
科目＝化学,総平均点＝45.34,,,,
大問,解答番号,平均点,配点,得点率,正答率
1,合計,8.336,20,0.4168,0.4374
1,1,2.554,3,0.8513,0.8513
1,2,1.383,3,0.461,0.461
1,3,1.413,4,0.3532,0.3532
1,4,1.449,3,0.483,0.483
1,5,1.098,3,0.366,0.366
1,6,0.439,4,0.1098,0.1098
2,合計,8.574,20,0.4287,0.4322
2,7,1.299,3,0.4331,0.4331
2,8,1.51,3,0.5032,0.5032
2,9,1.045,4,0.2612,0.2612
2,10,1.484,3,0.4948,0.4948
2,11,2.129,4,0.5323,0.5323
2,12,1.106,3,0.3688,0.3688
3,合計,9.823,20,0.4911,0.4996
3,13,1.91,3,0.6365,0.6365
3,14,1.171,3,0.3903,0.3903
3,15,1.645,3,0.5484,0.5484
3,16,1.776,3,0.592,0.592
3,17,1.93,4,0.4824,0.4824
3,18-20,1.392,4,0.3479,0.3479
4,合計,9.559,20,0.478,0.4651
4,21,1.654,3,0.5515,0.5515
4,22,2.5,4,0.6251,0.6251
4,23,1.298,3,0.4328,0.4328
4,24,1.693,3,0.5642,0.5642
4,25,0.421,1,0.4212,0.4212
4,26,0.376,1,0.3765,0.3765
4,27,0.461,1,0.4611,0.4611
4,28,1.154,4,0.2886,0.2886
5,合計,8.933,20,0.4467,0.4493
5,29,0.622,3,0.2075,0.2075
5,30,2.321,4,0.5803,0.5803
5,31,2.211,3,0.7369,0.7369
5,32,1.472,3,0.4906,0.4906
5,33,1.061,4,0.2651,0.2651
5,34,1.247,3,0.4155,0.4155
6,合計,10.532,20,0.5266,0.527
6,35,0.665,3,0.2216,0.2216
6,36,2.709,4,0.6772,0.6772
6,37,2.405,3,0.8017,0.8017
6,38,1.868,3,0.6226,0.6226
6,39,1.475,4,0.3688,0.3688
6,40,1.41,3,0.47,0.47
問題区分＝本試験,人数＝57985,平均正答率＝0.4603,,,
科目＝生物,総平均点＝52.21,,,,
大問,解答番号,平均点,配点,得点率,正答率
1,合計,6.215,18,0.3453,0.3442
1,1,1.734,4,0.4335,0.4335
1,2,1.471,4,0.3677,0.3677
1,3,0.945,3,0.315,0.315
1,4,1.065,3,0.3551,0.3551
1,5,0.999,4,0.2498,0.2498
2,合計,11.21,20,0.5605,0.5091
2,6-7,2.697,6,0.4495,0.2116
2,8,2.446,4,0.6114,0.6114
2,9,3.786,5,0.7572,0.7572
2,10,2.281,5,0.4563,0.4563
3,合計,13.092,20,0.6546,0.5939
3,11,2.909,4,0.7273,0.7273
3,12,2.672,4,0.6681,0.6681
3,13,2.615,4,0.6537,0.6537
3,14-15,4.896,8,0.612,0.3267
4,合計,10.248,18,0.5694,0.4851
4,16,2.6,5,0.52,0.52
4,17,2.706,5,0.5413,0.5413
4,18-19,4.942,8,0.6178,0.3941
5,合計,11.44,24,0.4767,0.423
5,20,2.13,4,0.5324,0.5324
5,21,1.745,5,0.3489,0.1059
5,22,2.381,4,0.5952,0.5952
5,23,1.917,5,0.3833,0.2148
5,24,2.006,3,0.6685,0.6685
5,25,1.263,3,0.421,0.421
問題区分＝本試験,人数＝2365,平均正答率＝0.4187,,,
科目＝地学,総平均点＝41.64,,,,
大問,解答番号,平均点,配点,得点率,正答率
1,合計,8.127,20,0.4063,0.4063
1,1,1.938,4,0.4846,0.4846
1,2,1.174,4,0.2934,0.2934
1,3,1.864,4,0.466,0.466
1,4,1.512,4,0.378,0.378
1,5,1.639,4,0.4097,0.4097
2,合計,5.936,15,0.3957,0.3937
2,6,1.686,4,0.4216,0.4216
2,7,1.351,4,0.3378,0.3378
2,8,1.087,3,0.3624,0.3624
2,9,1.811,4,0.4529,0.4529
3,合計,10.184,25,0.4074,0.4064
3,10,1.316,4,0.329,0.329
3,11,1.578,3,0.526,0.526
3,12,0.609,4,0.1522,0.1522
3,13,2.167,4,0.5416,0.5416
3,14,0.718,3,0.2393,0.2393
3,15,2.508,4,0.6271,0.6271
3,16,1.289,3,0.4296,0.4296
4,合計,9.152,21,0.4358,0.4474
4,17,1.235,4,0.3087,0.3087
4,18,1.055,3,0.3518,0.3518
4,19,1.678,3,0.5594,0.5594
4,20,1.627,4,0.4068,0.4068
4,21,2.025,3,0.6748,0.6748
4,22,1.532,4,0.3831,0.3831
5,合計,8.236,19,0.4335,0.4338
5,23,1.82,4,0.455,0.455
5,24,2.236,4,0.559,0.559
5,25,1.321,3,0.4402,0.4402
5,26,1.866,4,0.4664,0.4664
5,27,0.995,4,0.2486,0.2486
問題区分＝本試験,人数＝453668,平均正答率＝0.5830,,,
科目＝英語（リーディング）,総平均点＝57.69,,,,
大問,解答番号,平均点,配点,得点率,正答率
1,合計,3.361,6,0.5602,0.5602
1,1,1.474,2,0.7371,0.7371
1,2,1.202,2,0.601,0.601
1,3,0.685,2,0.3426,0.3426
2,合計,8.1,12,0.675,0.675
2,4,2.403,3,0.8009,0.8009
2,5,1.368,3,0.4561,0.4561
2,6,2.285,3,0.7616,0.7616
2,7,2.044,3,0.6815,0.6815
3,合計,6.192,9,0.688,0.688
3,8,2.595,3,0.8649,0.8649
3,9-12,1.241,3,0.4137,0.4137
3,13,2.356,3,0.7853,0.7853
4,合計,9.067,12,0.7556,0.7556
4,14,1.981,3,0.6602,0.6602
4,15,2.502,3,0.8341,0.8341
4,16,2.196,3,0.732,0.732
4,17,2.388,3,0.7961,0.7961
5,合計,10.007,16,0.6254,0.6283
5,18,2.031,3,0.6771,0.6771
5,19,1.262,2,0.631,0.631
5,20,1.344,2,0.672,0.672
5,21,1.513,3,0.5043,0.5043
5,22,2.57,3,0.8565,0.8565
5,23,1.287,3,0.429,0.429
6,合計,4.99,12,0.4159,0.4159
6,24-27,0.916,3,0.3053,0.3053
6,28,1.699,3,0.5664,0.5664
6,29,1.422,3,0.4739,0.4739
6,30-31,0.953,3,0.3178,0.3178
7,合計,8.058,16,0.5036,0.5137
7,32,1.931,3,0.6436,0.6436
7,33,2.079,3,0.6928,0.6928
7,34-35,1.408,4,0.3519,0.3519
7,36,1.479,3,0.4928,0.4928
7,37,1.162,3,0.3874,0.3874
8,合計,7.915,17,0.4656,0.4707
8,38,1.44,3,0.4802,0.4802
8,39,1.554,3,0.518,0.518
8,40-42,2.001,4,0.5003,0.5003
8,43,1.501,3,0.5003,0.5003
8,44,1.418,4,0.3546,0.3546
問題区分＝本試験,人数＝96,平均正答率＝0.6068,,,
科目＝ドイツ語,総平均点＝127.24,,,,
大問,解答番号,平均点,配点,得点率,正答率
1,合計,19.938,33,0.6042,0.6042
1,1,1.813,3,0.6042,0.6042
1,2,0.938,3,0.3125,0.3125
1,3,2.063,3,0.6875,0.6875
1,4,2,3,0.6667,0.6667
1,5,1.438,3,0.4792,0.4792
1,6,1.688,3,0.5625,0.5625
1,7,2.281,3,0.7604,0.7604
1,8,2.125,3,0.7083,0.7083
1,9,1.781,3,0.5938,0.5938
1,10,1.938,3,0.6458,0.6458
1,11,1.875,3,0.625,0.625
2,合計,11.563,18,0.6424,0.6424
2,12,1.625,3,0.5417,0.5417
2,13,2.375,3,0.7917,0.7917
2,14,1.781,3,0.5938,0.5938
2,15,2.313,3,0.7708,0.7708
2,16,1.594,3,0.5313,0.5313
2,17,1.875,3,0.625,0.625
3,合計,29.219,40,0.7305,0.7098
3,18,3.49,5,0.6979,0.6979
3,19,3.49,5,0.6979,0.6979
3,20,4.427,5,0.8854,0.8854
3,21,2.708,5,0.5417,0.5417
3,22,4.271,5,0.8542,0.8542
3,23,3.906,5,0.7813,0.7813
3,24-25,6.927,10,0.6927,0.5104
4,合計,15.552,30,0.5184,0.4955
4,26,3.75,5,0.75,0.75
4,27,1.354,5,0.2708,0.2708
4,28,2.448,5,0.4896,0.4896
4,29,1.781,3,0.5938,0.5938
4,30,1.25,3,0.4167,0.4167
4,31,1.875,3,0.625,0.625
4,32-33,3.094,6,0.5156,0.3229
5,合計,21.25,35,0.6071,0.5833
5,34,3.75,5,0.75,0.75
5,35,2.76,5,0.5521,0.5521
5,36,2.552,5,0.5104,0.5104
5,37,2.917,5,0.5833,0.5833
5,38-39,5.365,10,0.5365,0.3229
5,40,3.906,5,0.7813,0.7813
6,合計,29.719,44,0.6754,0.6094
6,41,3.75,6,0.625,0.625
6,42-43,7.813,10,0.7813,0.6354
6,44,3.125,6,0.5208,0.5208
6,45,4.25,6,0.7083,0.7083
6,46-47,6.094,10,0.6094,0.3854
6,48,4.688,6,0.7813,0.7813
問題区分＝本試験,人数＝116,平均正答率＝0.6308,,,
科目＝フランス語,総平均点＝130.59,,,,
大問,解答番号,平均点,配点,得点率,正答率
1,合計,5.948,10,0.5948,0.5948
1,1,1.362,2,0.681,0.681
1,2,0.914,2,0.4569,0.4569
1,3,1.207,2,0.6034,0.6034
1,4,1.276,2,0.6379,0.6379
1,5,1.19,2,0.5948,0.5948
2,合計,13.828,20,0.6914,0.6914
2,6,2.862,4,0.7155,0.7155
2,7,3.069,4,0.7672,0.7672
2,8,2.724,4,0.681,0.681
2,9,2.241,4,0.5603,0.5603
2,10,2.931,4,0.7328,0.7328
3,合計,8.716,15,0.581,0.581
3,11,1.94,3,0.6466,0.6466
3,12,2.483,3,0.8276,0.8276
3,13,2.017,3,0.6724,0.6724
3,14,0.595,3,0.1983,0.1983
3,15,1.681,3,0.5603,0.5603
4,合計,8.586,15,0.5724,0.5724
4,16,1.552,3,0.5172,0.5172
4,17,1.81,3,0.6034,0.6034
4,18,2.534,3,0.8448,0.8448
4,19,1.629,3,0.5431,0.5431
4,20,1.06,3,0.3534,0.3534
5,合計,19.138,25,0.7655,0.7655
5,21,3.966,5,0.7931,0.7931
5,22,3.836,5,0.7672,0.7672
5,23,3.06,5,0.6121,0.6121
5,24,4.397,5,0.8793,0.8793
5,25,3.879,5,0.7759,0.7759
6,合計,17.241,25,0.6897,0.6897
6,26,3.922,5,0.7845,0.7845
6,27,3.922,5,0.7845,0.7845
6,28,3.75,5,0.75,0.75
6,29,3.233,5,0.6466,0.6466
6,30,2.414,5,0.4828,0.4828
7,合計,26.888,42,0.6402,0.5862
7,31,2.862,4,0.7155,0.7155
7,32,2.931,4,0.7328,0.7328
7,33,3.276,5,0.6552,0.6552
7,34-35,6.31,8,0.7888,0.6293
7,36,2.552,4,0.6379,0.6379
7,37,2.276,4,0.569,0.569
7,38,1.681,5,0.3362,0.3362
7,39-40,5,8,0.625,0.4138
8,合計,30.25,48,0.6302,0.6092
8,41,3.017,5,0.6034,0.6034
8,42,3.621,5,0.7241,0.7241
8,43,2.888,5,0.5776,0.5776
8,44,2.931,5,0.5862,0.5862
8,45,3.621,5,0.7241,0.7241
8,46,2.328,5,0.4655,0.4655
8,47,2.759,5,0.5517,0.5517
8,48-49,5.552,8,0.694,0.5431
8,50,3.534,5,0.7069,0.7069
問題区分＝本試験,人数＝874,平均正答率＝0.8157,,,
科目＝中国語,総平均点＝166.02,,,,
大問,解答番号,平均点,配点,得点率,正答率
1,合計,29.195,36,0.811,0.811
1,1,3.744,4,0.9359,0.9359
1,2,3.565,4,0.8913,0.8913
1,3,3.542,4,0.8856,0.8856
1,4,2.737,4,0.6842,0.6842
1,5,3.378,4,0.8444,0.8444
1,6,3.501,4,0.8753,0.8753
1,7,1.753,4,0.4382,0.4382
1,8,3.323,4,0.8307,0.8307
1,9,3.652,4,0.913,0.913
2,合計,26.339,32,0.8231,0.8231
2,10,3.231,4,0.8078,0.8078
2,11,3.789,4,0.9474,0.9474
2,12,3.812,4,0.9531,0.9531
2,13,2.398,4,0.5995,0.5995
2,14,3.217,4,0.8043,0.8043
2,15,2.719,4,0.6796,0.6796
2,16,3.68,4,0.9199,0.9199
2,17,3.492,4,0.873,0.873
3,合計,22.709,28,0.811,0.811
3,18-19,3.204,4,0.8009,0.8009
3,20-21,3.167,4,0.7918,0.7918
3,22-23,2.531,4,0.6327,0.6327
3,24,3.405,4,0.8513,0.8513
3,25,3.4,4,0.8501,0.8501
3,26,3.588,4,0.897,0.897
3,27,3.414,4,0.8535,0.8535
4,合計,45.539,52,0.8757,0.8262
4,28-29,6.897,8,0.8621,0.7494
4,30,3.41,4,0.8524,0.8524
4,31,3.474,4,0.8684,0.8684
4,32-33,8.896,10,0.8896,0.7952
4,34-35,7.034,8,0.8793,0.7826
4,36-37,7.579,8,0.9474,0.9119
4,38,3.987,5,0.7975,0.7975
4,39,4.262,5,0.8524,0.8524
5,合計,42.239,52,0.8123,0.809
5,40,3.181,4,0.7952,0.7952
5,41,3.007,4,0.7517,0.7517
5,42,3.011,4,0.7529,0.7529
5,43,3.588,4,0.897,0.897
5,44,4.674,5,0.9348,0.9348
5,45,4.634,5,0.9268,0.9268
5,46,4.605,5,0.9211,0.9211
5,47,3.291,4,0.8227,0.8227
5,48,4.388,5,0.8776,0.8776
5,49-50,7.86,12,0.655,0.4108
問題区分＝本試験,人数＝235,平均正答率＝0.7064,,,
科目＝韓国語,総平均点＝146.91,,,,
大問,解答番号,平均点,配点,得点率,正答率
1,合計,22.604,40,0.5651,0.5651
1,1,1.379,4,0.3447,0.3447
1,2,2.026,4,0.5064,0.5064
1,3,2.809,4,0.7021,0.7021
1,4,3.251,4,0.8128,0.8128
1,5,2.298,4,0.5745,0.5745
1,6,1.617,4,0.4043,0.4043
1,7,3.285,4,0.8213,0.8213
1,8,2.366,4,0.5915,0.5915
1,9,2.111,4,0.5277,0.5277
1,10,1.464,4,0.366,0.366
2,合計,36.638,50,0.7328,0.7328
2,11,4.34,5,0.8681,0.8681
2,12,2.34,5,0.4681,0.4681
2,13,3.511,5,0.7021,0.7021
2,14,2.851,5,0.5702,0.5702
2,15,3.66,5,0.7319,0.7319
2,16,3.532,5,0.7064,0.7064
2,17,4.191,5,0.8383,0.8383
2,18,4.043,5,0.8085,0.8085
2,19,4.149,5,0.8298,0.8298
2,20,4.021,5,0.8043,0.8043
3,合計,41.319,50,0.8264,0.7708
3,21-22,9.213,10,0.9213,0.8766
3,23,3.957,5,0.7915,0.7915
3,24,3.574,5,0.7149,0.7149
3,25-26,8.404,10,0.8404,0.7447
3,27,2.957,5,0.5915,0.5915
3,28,4.426,5,0.8851,0.8851
3,29-30,8.787,10,0.8787,0.7915
4,合計,46.353,60,0.7726,0.7645
4,31,3.609,4,0.9021,0.9021
4,32,3.455,4,0.8638,0.8638
4,33,3.115,4,0.7787,0.7787
4,34,4.128,5,0.8255,0.8255
4,35,3.128,5,0.6255,0.6255
4,36,3.723,5,0.7447,0.7447
4,37,3.489,5,0.6979,0.6979
4,38,4.362,5,0.8723,0.8723
4,39,3.532,5,0.7064,0.7064
4,40,3.596,5,0.7191,0.7191
4,41,3.851,5,0.7702,0.7702
4,42-43,6.366,8,0.7957,0.6681
問題区分＝本試験,人数＝451864,平均正答率＝0.6064,,,
科目＝英語（リスニング）,総平均点＝61.31,,,,
大問,解答番号,平均点,配点,得点率,正答率
1,合計,17.333,28,0.619,0.6173
1,1,2.749,4,0.6873,0.6873
1,2,2.707,4,0.6768,0.6768
1,3,3.068,4,0.767,0.767
1,4,1.544,4,0.3861,0.3861
1,5,2.194,3,0.7313,0.7313
1,6,1.816,3,0.6053,0.6053
1,7,1.371,3,0.4569,0.4569
1,8,1.884,3,0.6279,0.6279
2,合計,10.199,12,0.8499,0.8499
2,9,3.162,4,0.7906,0.7906
2,10,3.78,4,0.945,0.945
2,11,3.257,4,0.8142,0.8142
3,合計,10.256,18,0.5698,0.5698
3,12,2.14,3,0.7132,0.7132
3,13,1.919,3,0.6396,0.6396
3,14,1.199,3,0.3996,0.3996
3,15,1.138,3,0.3794,0.3794
3,16,2.328,3,0.7761,0.7761
3,17,1.532,3,0.5106,0.5106
4,合計,7.799,12,0.6499,0.6813
4,18-21,1.601,4,0.4002,0.4002
4,22,0.618,1,0.6183,0.6183
4,23,0.814,1,0.814,0.814
4,24,0.709,1,0.7094,0.7094
4,25,0.709,1,0.7089,0.7089
4,26,3.348,4,0.8369,0.8369
5,合計,6.748,16,0.4217,0.3692
5,27,1.907,3,0.6358,0.6358
5,28-29,0.2,2,0.1,0.1
5,30-31,0.287,2,0.1434,0.1434
5,32,1.917,4,0.4793,0.4793
5,33,2.436,5,0.4872,0.4872
6,合計,8.979,14,0.6414,0.6412
6,34,2.165,3,0.7216,0.7216
6,35,1.675,3,0.5584,0.5584
6,36,2.043,4,0.5108,0.5108
6,37,3.096,4,0.7741,0.7741
問題区分＝本試験,人数＝279718,平均正答率＝0.6960,,,
科目＝情報Ⅰ,総平均点＝69.26,,,,
大問,解答番号,平均点,配点,得点率,正答率
1,合計,13.088,20,0.6544,0.6485
1,ｱ,1.076,2,0.538,0.538
1,ｲ,0.837,2,0.4184,0.4184
1,ｳ-ｵ,2.048,3,0.6827,0.6827
1,ｶ,1.438,3,0.4793,0.4793
1,ｷ,1.489,2,0.7445,0.7445
1,ｸ,1.8,3,0.5999,0.5999
1,ｹ,1.55,2,0.775,0.775
1,ｺ-ｻ,2.851,3,0.9502,0.9502
2,合計,22.832,30,0.7611,0.7685
2,ｱ,1.93,2,0.9649,0.9649
2,ｲ-ｳ,1.915,2,0.9574,0.9574
2,ｴ,1.961,2,0.9806,0.9806
2,ｵ-ｶ,1.655,3,0.5516,0.5516
2,ｷ,1.491,2,0.7457,0.7457
2,ｸ,1.312,2,0.6561,0.6561
2,ｹ,1.06,2,0.5298,0.5298
2,ｺ,2.801,3,0.9337,0.9337
2,ｻ-ｼ,2.481,3,0.8269,0.8269
2,ｽ-ｾ,1.688,3,0.5625,0.5625
2,ｿ,2.233,3,0.7445,0.7445
2,ﾀ,2.306,3,0.7686,0.7686
3,合計,16.182,25,0.6473,0.6944
3,ｱ,0.972,1,0.9717,0.9717
3,ｲ,0.954,1,0.9542,0.9542
3,ｳ,1.858,2,0.9288,0.9288
3,ｴ,1.814,2,0.9069,0.9069
3,ｵ,1.757,2,0.8787,0.8787
3,ｶ,1.887,2,0.9433,0.9433
3,ｷ,1.839,3,0.613,0.613
3,ｸ,0.438,2,0.2191,0.2191
3,ｹ,1.04,2,0.5202,0.5202
3,ｺ,1.134,2,0.5669,0.5669
3,ｻ,1.316,3,0.4387,0.4387
3,ｼ,1.173,3,0.3909,0.3909
4,合計,17.161,25,0.6864,0.6437
4,ｱ-ｲ,0.864,3,0.2879,0.2879
4,ｳ-ｴ,3.602,4,0.9006,0.8233
4,ｵ-ｶ,3.163,4,0.7908,0.617
4,ｷ,0.441,2,0.2204,0.2204
4,ｸ,2.186,3,0.7286,0.7286
4,ｹ,1.726,2,0.8628,0.8628
4,ｺ,2.02,3,0.6733,0.6733
4,ｻ,1.762,2,0.8812,0.8812
4,ｼ,1.397,2,0.6983,0.6983
問題区分＝本試験,人数＝22171,平均正答率＝0.7104,,,
科目＝旧情報,総平均点＝72.82,,,,
大問,解答番号,平均点,配点,得点率,正答率
1,合計,23.71,35,0.6774,0.6663
1,ｱ,1.155,2,0.5777,0.5777
1,ｲ,0.925,2,0.4625,0.4625
1,ｳ-ｵ,2.279,3,0.7595,0.7595
1,ｶ,1.6,3,0.5333,0.5333
1,ｷ-ｸ,2.994,4,0.7485,0.5512
1,ｹ,1.519,2,0.7595,0.7595
1,ｺ,1.152,2,0.5758,0.5758
1,ｻ,1.003,2,0.5015,0.5015
1,ｼ,1.887,2,0.9436,0.9436
1,ｽ-ｾ,1.881,2,0.9405,0.9405
1,ｿ,1.935,2,0.9677,0.9677
1,ﾀ-ﾁ,1.612,3,0.5375,0.5375
1,ﾂ,1.451,2,0.7254,0.7254
1,ﾃ,1.271,2,0.6357,0.6357
1,ﾄ,1.046,2,0.523,0.523
2,合計,11.077,15,0.7385,0.7385
2,ｱ,2.671,3,0.8903,0.8903
2,ｲ-ｳ,2.418,3,0.8061,0.8061
2,ｴ-ｵ,1.498,3,0.4993,0.4993
2,ｶ,2.197,3,0.7325,0.7325
2,ｷ,2.293,3,0.7642,0.7642
3,合計,11.485,15,0.7657,0.755
3,ｱ,1.662,2,0.8312,0.8312
3,ｲ-ｳ,1.582,2,0.7912,0.7912
3,ｴ,1.209,2,0.6046,0.6046
3,ｵ,2.746,3,0.9155,0.9155
3,ｶ,1.702,2,0.8509,0.8509
3,ｷ-ｸ,1.681,2,0.8407,0.8407
3,ｹ,0.901,2,0.4507,0.4507
4,合計,19.935,25,0.7974,0.7911
4,ｱ-ｲ,3.226,4,0.8065,0.6373
4,ｳ,0.963,1,0.963,0.963
4,ｴ,0.962,1,0.9616,0.9616
4,ｵ-ｶ,1.89,2,0.9452,0.9027
4,ｷ-ｸ,2.763,3,0.9211,0.9211
4,ｹ-ｺ,2.707,3,0.9023,0.9023
4,ｻ-ｼ,1.79,3,0.5967,0.5967
4,ｽ,1.772,2,0.8861,0.8861
4,ｾ,1.252,2,0.626,0.626
4,ｿ,0.939,2,0.4695,0.4695
4,ﾀ,1.671,2,0.8354,0.8354
5,合計,15.344,25,0.6138,0.6473
5,ｱ,0.862,1,0.8622,0.8622
5,ｲ,0.838,1,0.8382,0.8382
5,ｳ,1.65,2,0.8248,0.8248
5,ｴ,1.617,2,0.8084,0.8084
5,ｵ,1.549,2,0.7744,0.7744
5,ｶ,1.587,2,0.7936,0.7936
5,ｷ,1.825,3,0.6083,0.6083
5,ｸ,0.635,2,0.3173,0.3173
5,ｹ,1.037,2,0.5185,0.5185
5,ｺ,1.045,2,0.5223,0.5223
5,ｻ,1.518,3,0.506,0.506
5,ｼ,1.182,3,0.3941,0.3941
6,合計,18.082,25,0.7233,0.7163
6,ｱ-ｲ,1.758,2,0.8789,0.7987
6,ｳ-ｵ,1.85,2,0.9248,0.9248
6,ｶ,0.69,1,0.6902,0.6902
6,ｷ,0.82,1,0.8201,0.8201
6,ｸ,0.967,1,0.9666,0.9666
6,ｹ,1.091,2,0.5453,0.5453
6,ｺ,1.02,2,0.5098,0.5098
6,ｻ-ｼ,2.352,4,0.588,0.2892
6,ｽ,1.889,2,0.9445,0.9445
6,ｾ,1.682,2,0.8409,0.8409
6,ｿ,1.465,2,0.7323,0.7323
6,ﾀ,1.34,2,0.6701,0.6701
6,ﾁ,1.16,2,0.5801,0.5801
